{
    "train_loss": [
        374.741462120643,
        274.2454188420222,
        185.90223576472357,
        143.95679708627554,
        122.15328392615685,
        107.51229711679312,
        105.10013345571664,
        106.44530780498798,
        102.75375483586238,
        102.83943000206581,
        107.45552737896259,
        103.39592625544621,
        112.93282523522011,
        102.42574075552133,
        105.39330585186298,
        108.50898097111629,
        103.52261235163762,
        102.97745337853065,
        104.83151479867789,
        107.1814223069411
    ],
    "val_loss": [
        260.6432876586914,
        156.65048122406006,
        113.44265174865723,
        92.87964344024658,
        82.8183765411377,
        83.06918334960938,
        84.20616340637207,
        85.18174648284912,
        85.73294353485107,
        84.87590789794922,
        84.31936168670654,
        85.03603744506836,
        84.2946949005127,
        84.5882215499878,
        84.3502140045166,
        84.6878890991211,
        84.70991325378418,
        84.64040565490723,
        84.44296264648438,
        84.58002376556396
    ],
    "lr": [
        0.001,
        0.001,
        0.000992403876506104,
        0.0009698463103929542,
        0.0009330127018922195,
        0.000883022221559489,
        0.0008213938048432696,
        0.00075,
        0.0006710100716628344,
        0.0005868240888334653,
        0.0005,
        0.00041317591116653486,
        0.0003289899283371657,
        0.0002500000000000001,
        0.0001786061951567303,
        0.00011697777844051105,
        6.698729810778065e-05,
        3.0153689607045842e-05,
        7.59612349389599e-06,
        0.0
    ]
}