{
    "Depression": {
        "RMSE": 5.5753112021860005,
        "MAE": 4.424962520599365,
        "Pearson_r": 0.08352483808994293,
        "Pearson_p": 0.41110852516524016
    },
    "Anxiety": {
        "RMSE": 5.5062586114233705,
        "MAE": 4.267584800720215,
        "Pearson_r": 0.155761256814003,
        "Pearson_p": 0.12367382882943682
    },
    "Stress": {
        "RMSE": 6.919402565717294,
        "MAE": 5.292707443237305,
        "Pearson_r": 0.2086057960987091,
        "Pearson_p": 0.03825654121737699
    },
    "Total": {
        "RMSE": 15.976245890047442,
        "MAE": 11.636271476745605,
        "Pearson_r": 0.10703334212303162,
        "Pearson_p": 0.2916650732951261
    }
}