{
    "train_loss": [
        1.4627604186534882,
        1.2102475464344025,
        1.1459790527820588,
        1.0774711608886718,
        1.0520802795886994,
        1.0445243835449218,
        1.0417994201183318,
        1.027291613817215,
        1.02754847407341,
        1.0198691070079804,
        1.016082763671875,
        1.0198249816894531,
        1.0136587768793106,
        1.0001960754394532,
        1.0048170745372773,
        1.001502227783203,
        1.0127506256103516,
        1.0027879059314728,
        0.9995592772960663,
        1.0026641845703126,
        0.9932754516601563,
        0.98160400390625,
        0.9946249663829804,
        0.999321112036705,
        0.9873294830322266
    ],
    "train_acc": [
        0.159375,
        0.25833333358168603,
        0.296875,
        0.323958333581686,
        0.37916666716337205,
        0.371875,
        0.35104166716337204,
        0.38125,
        0.35625,
        0.39166666716337206,
        0.36979166716337203,
        0.334375,
        0.396875,
        0.36770833358168603,
        0.388541667163372,
        0.38125,
        0.3875,
        0.408333333581686,
        0.384375,
        0.396875,
        0.41875,
        0.409375,
        0.440625,
        0.39270833432674407,
        0.41041666716337205
    ],
    "val_loss": [
        1.2270033597946166,
        1.3852421760559082,
        1.5452937126159667,
        1.6754004955291748,
        1.7589407205581664,
        1.8101553201675415,
        1.8757483959197998,
        1.9277024507522582,
        1.989361572265625,
        2.0411461353302003,
        2.080495500564575,
        2.1397446632385253,
        2.1713749885559084,
        2.191308116912842,
        2.232510137557983,
        2.239906644821167,
        2.2768775463104247,
        2.296576404571533,
        2.2952444076538088,
        2.3060561180114747,
        2.32099986076355,
        2.2988980770111085,
        2.32293701171875,
        2.3047945499420166,
        2.32730712890625
    ],
    "val_acc": [
        0.24038461595773697,
        0.175,
        0.0375,
        0.0375,
        0.0375,
        0.0375,
        0.0375,
        0.0375,
        0.0375,
        0.0375,
        0.0375,
        0.0375,
        0.0375,
        0.0375,
        0.0375,
        0.0375,
        0.0375,
        0.0375,
        0.0375,
        0.0375,
        0.0375,
        0.0375,
        0.0375,
        0.0375,
        0.0375
    ],
    "lr": [
        0.0001,
        0.0001,
        9.953429730181653e-05,
        9.949107209404664e-06,
        9.797464868072489e-06,
        9.548159976772593e-06,
        9.206267664155906e-06,
        8.778747871771293e-06,
        8.274303669726427e-06,
        7.703204087277989e-06,
        7.0770750650094335e-06,
        6.408662784207149e-06,
        5.711574191366427e-06,
        5e-06,
        4.2884258086335755e-06,
        3.5913372157928515e-06,
        2.9229249349905686e-06,
        2.296795912722014e-06,
        1.7256963302735752e-06,
        1.2212521282287093e-06,
        7.937323358440935e-07,
        4.5184002322740784e-07,
        2.0253513192751374e-07,
        5.089279059533658e-08,
        0.0
    ]
}