{
    "train_loss": [
        1.1861740112304688,
        1.1997426331043244,
        1.1528739929199219,
        1.1645660400390625,
        1.10955810546875,
        1.1111846923828126,
        1.1125620543956756,
        1.1300898253917695,
        1.1130208313465118,
        1.0974319458007813,
        1.0935867309570313,
        1.091107177734375,
        1.0927434265613556,
        1.0833440124988556,
        1.0912470519542694,
        1.0792546570301056,
        1.0865056335926055,
        1.0800175964832306,
        1.079720562696457,
        1.0858434021472931
    ],
    "val_loss": [
        1.0821359515190125,
        1.1264045238494873,
        1.1379936695098878,
        1.2304959774017334,
        1.1931466817855836,
        1.2305988073349,
        1.2085200309753419,
        1.2225294828414917,
        1.2798241138458253,
        1.24007568359375,
        1.2508234977722168,
        1.2462285041809082,
        1.2538081169128419,
        1.2565194845199585,
        1.2555917501449585,
        1.25946044921875,
        1.2685410737991334,
        1.2623685359954835,
        1.2672743558883668,
        1.2720670223236084
    ],
    "train_acc": [
        0.328125,
        0.314583333581686,
        0.309375,
        0.29791666716337206,
        0.36875,
        0.35,
        0.33333333358168604,
        0.327083333581686,
        0.36458333358168604,
        0.357291667163372,
        0.36875,
        0.34479166716337206,
        0.34895833358168604,
        0.345833333581686,
        0.35208333358168603,
        0.342708333581686,
        0.365625,
        0.38333333358168603,
        0.365625,
        0.328125
    ],
    "val_acc": [
        0.43557692766189576,
        0.3490384638309479,
        0.34615384936332705,
        0.24326923191547395,
        0.23365384936332703,
        0.23076923191547394,
        0.27307692766189573,
        0.20865384936332704,
        0.21538461595773697,
        0.17788461595773697,
        0.17788461595773697,
        0.15576923191547393,
        0.11538461595773697,
        0.14038461595773696,
        0.16538461595773696,
        0.14326923191547394,
        0.1375,
        0.11826923191547394,
        0.14038461595773696,
        0.125
    ],
    "lr": [
        0.001,
        0.001,
        0.001,
        0.001,
        0.001,
        0.0005,
        0.0005,
        0.0005,
        0.0005,
        0.00025,
        0.00025,
        0.00025,
        0.00025,
        0.000125,
        0.000125,
        0.000125,
        0.000125,
        6.25e-05,
        6.25e-05,
        6.25e-05
    ]
}