{
    "train_loss": [
        1.3920786559581757,
        1.204962921142578,
        1.1673385620117187,
        1.0739219665527344,
        1.052150982618332,
        1.0366938263177872,
        1.0415036499500274,
        1.0320200592279434,
        1.025772351026535,
        1.029157003760338,
        1.0055414855480194,
        1.0117321014404297,
        1.0120928436517715,
        1.0194357573986053,
        0.9966453552246094,
        1.005104699730873,
        1.0009140014648437,
        1.0026910126209259,
        0.991076534986496,
        0.9878639221191406,
        0.9972826659679412,
        0.9935319274663925,
        1.013379544019699,
        1.0010709106922149,
        0.9926773071289062
    ],
    "train_acc": [
        0.159375,
        0.21875,
        0.279166667163372,
        0.323958333581686,
        0.357291667163372,
        0.371875,
        0.396875,
        0.346875,
        0.388541667163372,
        0.36145833432674407,
        0.428125,
        0.36354166716337205,
        0.371875,
        0.36354166716337205,
        0.36979166716337203,
        0.34375,
        0.375,
        0.38333333358168603,
        0.39583333358168604,
        0.42708333432674406,
        0.4125,
        0.39375,
        0.365625,
        0.37916666716337205,
        0.446875
    ],
    "val_loss": [
        1.2886207103729248,
        1.3528742790222168,
        1.4937124490737914,
        1.6616534948349,
        1.7348355770111084,
        1.7849463939666748,
        1.8501469612121582,
        1.8978050708770753,
        1.9663405418395996,
        1.984147310256958,
        2.0476755142211913,
        2.0812044620513914,
        2.1228342056274414,
        2.15785665512085,
        2.1814903736114504,
        2.20374755859375,
        2.229591703414917,
        2.2349205493927,
        2.267362642288208,
        2.268100214004517,
        2.27648549079895,
        2.286765718460083,
        2.280413818359375,
        2.277299165725708,
        2.288829135894775
    ],
    "val_acc": [
        0.19326923191547393,
        0.15288461595773697,
        0.05,
        0.0375,
        0.0375,
        0.0375,
        0.0375,
        0.0375,
        0.0375,
        0.0375,
        0.0375,
        0.0375,
        0.0375,
        0.0375,
        0.0375,
        0.0375,
        0.0375,
        0.0375,
        0.0375,
        0.0375,
        0.0375,
        0.0375,
        0.0375,
        0.0375,
        0.0375
    ],
    "lr": [
        0.0001,
        0.0001,
        9.953429730181653e-05,
        9.949107209404664e-06,
        9.797464868072489e-06,
        9.548159976772593e-06,
        9.206267664155906e-06,
        8.778747871771293e-06,
        8.274303669726427e-06,
        7.703204087277989e-06,
        7.0770750650094335e-06,
        6.408662784207149e-06,
        5.711574191366427e-06,
        5e-06,
        4.2884258086335755e-06,
        3.5913372157928515e-06,
        2.9229249349905686e-06,
        2.296795912722014e-06,
        1.7256963302735752e-06,
        1.2212521282287093e-06,
        7.937323358440935e-07,
        4.5184002322740784e-07,
        2.0253513192751374e-07,
        5.089279059533658e-08,
        0.0
    ]
}