{
    "train_loss": [
        1.4062147974967956,
        1.3300490975379944,
        1.2109954118728639,
        1.1656198620796203,
        1.1191630244255066,
        1.1410236716270448,
        1.0974440097808837,
        1.120528757572174,
        1.1020055651664733,
        1.1086320400238037,
        1.1134042859077453,
        1.1050039172172545,
        1.1029725551605225,
        1.1003583073616028,
        1.1066773891448975,
        1.101334309577942,
        1.1045579433441162,
        1.1063099265098573,
        1.1123954057693481,
        1.1061996459960937
    ],
    "train_acc": [
        0.29772727340459826,
        0.3161931812763214,
        0.2960227280855179,
        0.30227272808551786,
        0.3443181812763214,
        0.2948863640427589,
        0.34886363744735716,
        0.3102272734045982,
        0.35340909361839296,
        0.353125,
        0.2974431812763214,
        0.33352272808551786,
        0.3539772734045982,
        0.34573863744735717,
        0.3505681812763214,
        0.3210227280855179,
        0.33778409361839296,
        0.3099431812763214,
        0.3238636374473572,
        0.3071022734045982
    ],
    "val_loss": [
        1.7774616877237956,
        1.187743067741394,
        1.7827861309051514,
        1.3566683133443196,
        1.2108232577641804,
        1.173857847849528,
        1.1556228399276733,
        1.1509661674499512,
        1.1482352415720622,
        1.1482899983723958,
        1.1476941108703613,
        1.146948019663493,
        1.1455602248509724,
        1.1470966736475627,
        1.1490012804667156,
        1.150200883547465,
        1.1487774848937988,
        1.1478275458017986,
        1.1479316155115764,
        1.1486292282740276
    ],
    "val_acc": [
        0.23397435992956161,
        0.3621794978777568,
        0.24439102659622827,
        0.2596153865257899,
        0.24919871985912323,
        0.2596153865257899,
        0.24919871985912323,
        0.24919871985912323,
        0.23878205319245657,
        0.23878205319245657,
        0.20753205319245657,
        0.17628205319245657,
        0.17628205319245657,
        0.17628205319245657,
        0.18669871985912323,
        0.18669871985912323,
        0.18669871985912323,
        0.17628205319245657,
        0.17628205319245657,
        0.18669871985912323
    ],
    "lr": [
        0.001,
        0.001,
        0.000992403876506104,
        9.91486549841951e-06,
        9.66236114702178e-06,
        9.251085678648072e-06,
        8.695044586103297e-06,
        8.013173181896283e-06,
        7.2286917788826926e-06,
        6.368314950360416e-06,
        5.46134179731651e-06,
        4.53865820268349e-06,
        3.6316850496395863e-06,
        2.771308221117309e-06,
        1.9868268181037186e-06,
        1.3049554138967052e-06,
        7.489143213519301e-07,
        3.3763885297822153e-07,
        8.513450158049109e-08,
        0.0
    ]
}