{
    "train_loss": [
        1.4397073268890381,
        1.1481666564941406,
        1.1100805163383485,
        1.1381189465522765,
        1.130301868915558,
        1.1052352905273437,
        1.1038841962814332,
        1.1076769709587098,
        1.1058173418045043,
        1.0900028586387633,
        1.0905635476112365,
        1.0801663517951965,
        1.0695865988731383,
        1.0611009120941162,
        1.0496348977088927,
        1.0359894514083863,
        1.0195435285568237,
        1.0307598471641541,
        1.0127302646636962,
        1.010150182247162,
        0.9972161412239074,
        1.0016938686370849,
        1.0089720964431763,
        0.9957256317138672,
        0.9779776513576508,
        0.9823883771896362,
        0.9804732263088226,
        0.9846957445144653,
        0.9809587359428406,
        0.9751028776168823,
        0.9692904710769653,
        0.9744843959808349,
        0.9732131600379944,
        0.9734873533248901,
        0.9667116284370423,
        0.9676551640033721,
        0.9612708687782288,
        0.9634189367294311,
        0.9618696451187134,
        0.9723689317703247,
        0.9707021713256836,
        0.9631394982337952,
        0.9596102654933929,
        0.9672890186309815,
        0.9719636082649231,
        0.962750780582428,
        0.9639454007148742,
        0.9568013966083526,
        0.9812319338321686,
        0.9703666150569916
    ],
    "val_loss": [
        4.112609068552653,
        1.7595380942026775,
        1.3008174498875935,
        1.1128833492596943,
        1.172661821047465,
        1.1566486756006877,
        1.2323119242986043,
        1.1954748630523682,
        1.2558178901672363,
        1.3206884860992432,
        1.3364050388336182,
        1.491418679555257,
        1.5735833644866943,
        1.5823270479838054,
        1.714415709177653,
        1.8060075839360554,
        2.0367185274759927,
        2.1969659328460693,
        2.201753298441569,
        2.361144224802653,
        2.437730073928833,
        2.57381534576416,
        2.6067535877227783,
        2.6462770303090415,
        2.653132120768229,
        2.706976890563965,
        2.747746785481771,
        2.7771543661753335,
        2.823027769724528,
        2.879990816116333,
        2.8966193199157715,
        2.9312361081441245,
        2.948030153910319,
        2.96616538365682,
        2.9765828450520835,
        2.9905924002329507,
        2.984023650487264,
        2.973804155985514,
        2.9935646851857505,
        3.003415584564209,
        3.0103004773457847,
        3.013062318166097,
        3.0195868015289307,
        3.034493843714396,
        3.0587080319722495,
        3.0608203411102295,
        3.057490030924479,
        3.05854598681132,
        3.072315295537313,
        3.0723602771759033
    ],
    "train_acc": [
        0.2943181812763214,
        0.29914772808551787,
        0.3411931812763214,
        0.32301136404275893,
        0.30681818127632143,
        0.3113636374473572,
        0.3363636374473572,
        0.38465909361839296,
        0.32215909361839296,
        0.3414772734045982,
        0.3286931812763214,
        0.35369318127632143,
        0.3553977280855179,
        0.3397727280855179,
        0.36022727340459826,
        0.33323863744735716,
        0.3755681812763214,
        0.34943181872367857,
        0.3676136374473572,
        0.3678977280855179,
        0.3681818187236786,
        0.3696022734045982,
        0.37215909361839294,
        0.3863636374473572,
        0.41278409361839297,
        0.39715909361839297,
        0.39772727340459824,
        0.3738636374473572,
        0.36335227340459825,
        0.3894886374473572,
        0.3903409123420715,
        0.3894886374473572,
        0.42045454680919647,
        0.378125,
        0.41136363744735716,
        0.4252840936183929,
        0.47357954680919645,
        0.4286931812763214,
        0.44801136255264284,
        0.4059659123420715,
        0.41590909361839296,
        0.425,
        0.42386363744735717,
        0.39261363744735717,
        0.43181818127632143,
        0.3940340936183929,
        0.40653409361839293,
        0.41221591234207156,
        0.35340909361839296,
        0.40653409361839293
    ],
    "val_acc": [
        0.439102570215861,
        0.3669871886571248,
        0.30608974893887836,
        0.41826923688252765,
        0.24439102659622827,
        0.21794871985912323,
        0.0625,
        0.12419871985912323,
        0.0625,
        0.041666666666666664,
        0.03125,
        0.041666666666666664,
        0.03125,
        0.03125,
        0.03125,
        0.03125,
        0.03125,
        0.03125,
        0.03125,
        0.03125,
        0.03125,
        0.03125,
        0.03125,
        0.03125,
        0.03125,
        0.03125,
        0.03125,
        0.03125,
        0.03125,
        0.03125,
        0.03125,
        0.03125,
        0.03125,
        0.03125,
        0.03125,
        0.03125,
        0.03125,
        0.03125,
        0.03125,
        0.03125,
        0.03125,
        0.03125,
        0.03125,
        0.03125,
        0.03125,
        0.03125,
        0.03125,
        0.03125,
        0.03125,
        0.03125
    ],
    "lr": [
        0.001,
        0.001,
        0.001,
        0.001,
        0.001,
        0.001,
        0.001,
        0.001,
        0.0005,
        0.0005,
        0.0005,
        0.0005,
        0.00025,
        0.00025,
        0.00025,
        0.00025,
        0.000125,
        0.000125,
        0.000125,
        0.000125,
        6.25e-05,
        6.25e-05,
        6.25e-05,
        6.25e-05,
        3.125e-05,
        3.125e-05,
        3.125e-05,
        3.125e-05,
        1.5625e-05,
        1.5625e-05,
        1.5625e-05,
        1.5625e-05,
        7.8125e-06,
        7.8125e-06,
        7.8125e-06,
        7.8125e-06,
        3.90625e-06,
        3.90625e-06,
        3.90625e-06,
        3.90625e-06,
        1.953125e-06,
        1.953125e-06,
        1.953125e-06,
        1.953125e-06,
        9.765625e-07,
        9.765625e-07,
        9.765625e-07,
        9.765625e-07,
        4.8828125e-07,
        4.8828125e-07
    ]
}