{
    "train_loss": [
        1.3525230407714843,
        1.2313758850097656,
        1.1533220946788787,
        1.0679990112781526,
        1.0400767028331757,
        1.036410140991211,
        1.0265909850597381,
        1.026347479224205,
        1.0056143432855607,
        1.0209452301263808,
        1.0212542235851287,
        1.0099067687988281,
        1.0137340545654296,
        1.002794772386551,
        0.9993052184581757,
        1.0022715270519256,
        1.003192773461342,
        0.9991250336170197,
        1.0023668944835662,
        0.9882807433605194,
        0.9718825668096542,
        0.9812850952148438,
        0.9866518646478653,
        0.9859962463378906,
        0.987554931640625
    ],
    "train_acc": [
        0.22395833358168601,
        0.2375,
        0.25833333358168603,
        0.3375,
        0.373958333581686,
        0.375,
        0.342708333581686,
        0.35,
        0.396875,
        0.365625,
        0.33333333358168604,
        0.346875,
        0.37916666716337205,
        0.38125,
        0.396875,
        0.4,
        0.345833333581686,
        0.38229166716337204,
        0.372916667163372,
        0.386458333581686,
        0.409375,
        0.403125,
        0.4333333343267441,
        0.39791666716337204,
        0.4
    ],
    "val_loss": [
        1.307322335243225,
        1.4298414945602418,
        1.6855205774307251,
        1.9264920711517335,
        1.9793302059173583,
        2.0156785249710083,
        2.067158842086792,
        2.130275297164917,
        2.1782071590423584,
        2.21504282951355,
        2.268908214569092,
        2.2946143627166746,
        2.316049909591675,
        2.3299039363861085,
        2.3639714241027834,
        2.399222993850708,
        2.3973228931427,
        2.4115060806274413,
        2.412168550491333,
        2.4198678970336913,
        2.4144639015197753,
        2.4315049171447756,
        2.444083833694458,
        2.44306640625,
        2.4544504165649412
    ],
    "val_acc": [
        0.225,
        0.15,
        0.05,
        0.0375,
        0.0375,
        0.0375,
        0.0375,
        0.0375,
        0.0375,
        0.0375,
        0.0375,
        0.0375,
        0.0375,
        0.0375,
        0.0375,
        0.0375,
        0.0375,
        0.0375,
        0.0375,
        0.0375,
        0.0375,
        0.0375,
        0.0375,
        0.0375,
        0.0375
    ],
    "lr": [
        0.0001,
        0.0001,
        9.953429730181653e-05,
        9.949107209404664e-06,
        9.797464868072489e-06,
        9.548159976772593e-06,
        9.206267664155906e-06,
        8.778747871771293e-06,
        8.274303669726427e-06,
        7.703204087277989e-06,
        7.0770750650094335e-06,
        6.408662784207149e-06,
        5.711574191366427e-06,
        5e-06,
        4.2884258086335755e-06,
        3.5913372157928515e-06,
        2.9229249349905686e-06,
        2.296795912722014e-06,
        1.7256963302735752e-06,
        1.2212521282287093e-06,
        7.937323358440935e-07,
        4.5184002322740784e-07,
        2.0253513192751374e-07,
        5.089279059533658e-08,
        0.0
    ]
}