{
    "train_loss": [
        1.1869819641113282,
        1.1592961430549622,
        1.1425427556037904,
        1.136242115497589,
        1.110958170890808,
        1.1019736528396606,
        1.1052916049957275,
        1.1060372114181518,
        1.1017037868499755,
        1.0910699963569641,
        1.089864146709442,
        1.0913495182991029,
        1.0917040705680847,
        1.0871540427207946,
        1.085879099369049,
        1.0906335353851317,
        1.0854148149490357,
        1.0855167746543883,
        1.0830910444259643,
        1.0871695756912232
    ],
    "val_loss": [
        1.1528754631678264,
        1.2264431715011597,
        1.3002031644185383,
        1.2444221178690593,
        1.224533478418986,
        1.2382409572601318,
        1.2613169352213542,
        1.2492307821909587,
        1.3053338527679443,
        1.2644360065460205,
        1.2711502313613892,
        1.279349684715271,
        1.281349778175354,
        1.284394105275472,
        1.2876109679539998,
        1.2919972737630208,
        1.2913650274276733,
        1.2865091959635417,
        1.2855114936828613,
        1.285651167233785
    ],
    "train_acc": [
        0.3005681812763214,
        0.30085227340459825,
        0.3036931812763214,
        0.3471590936183929,
        0.3676136374473572,
        0.36079545617103576,
        0.34602272808551787,
        0.36022727340459826,
        0.3463068187236786,
        0.365625,
        0.3673295468091965,
        0.35085227340459824,
        0.3875,
        0.36107954680919646,
        0.3676136374473572,
        0.365625,
        0.39289772808551787,
        0.3988636374473572,
        0.384375,
        0.3826704561710358
    ],
    "val_acc": [
        0.27003205319245654,
        0.28525641560554504,
        0.2596153865257899,
        0.20753205319245657,
        0.29567308227221173,
        0.18189102659622827,
        0.22355769326289496,
        0.17628205319245657,
        0.14022435992956161,
        0.14583333333333334,
        0.14022435992956161,
        0.14022435992956161,
        0.125,
        0.12980769326289496,
        0.12980769326289496,
        0.14022435992956161,
        0.12980769326289496,
        0.11939102659622829,
        0.12980769326289496,
        0.12980769326289496
    ]
}