{
    "train_loss": [
        1.2464859008789062,
        1.1663538634777069,
        1.1532363891601562,
        1.1131617248058319,
        1.0842437744140625,
        1.077231341600418,
        1.0688385009765624,
        1.0617253601551055,
        1.0626724243164063,
        1.0470341980457305,
        1.0403249084949493,
        1.0413558959960938,
        1.0344551086425782,
        1.0321573913097382,
        1.033709716796875,
        1.0110575348138808,
        1.012501272559166,
        1.0239120483398438,
        1.0243118286132813,
        1.0129676818847657,
        1.0046864837408065,
        0.9993220001459122,
        1.0061538696289063,
        1.0055727630853653,
        0.9968276977539062
    ],
    "train_acc": [
        0.18020833358168603,
        0.23645833358168603,
        0.2625,
        0.314583333581686,
        0.373958333581686,
        0.35104166716337204,
        0.353125,
        0.358333333581686,
        0.33854166716337203,
        0.36979166716337203,
        0.36875,
        0.346875,
        0.33854166716337203,
        0.35,
        0.353125,
        0.42291666716337206,
        0.4145833343267441,
        0.355208333581686,
        0.355208333581686,
        0.390625,
        0.43229166716337203,
        0.421875,
        0.37916666716337205,
        0.373958333581686,
        0.440625
    ],
    "val_loss": [
        1.1479792594909668,
        1.2134718656539918,
        1.1804607629776,
        1.2794546365737915,
        1.3404376745223998,
        1.3964684009552002,
        1.4527428150177002,
        1.5099017858505248,
        1.56720769405365,
        1.6272958517074585,
        1.6824176549911498,
        1.7501126766204833,
        1.789316964149475,
        1.8368478536605835,
        1.8642672061920167,
        1.901682233810425,
        1.95192494392395,
        1.9799724817276,
        1.9975975513458253,
        2.013566255569458,
        2.019850969314575,
        2.02284688949585,
        2.0392667293548583,
        2.03765869140625,
        2.03846435546875
    ],
    "val_acc": [
        0.21826923191547393,
        0.2375,
        0.3884615421295166,
        0.075,
        0.05288461595773697,
        0.06538461595773697,
        0.05288461595773697,
        0.0375,
        0.0375,
        0.0375,
        0.0375,
        0.0375,
        0.0375,
        0.0375,
        0.0375,
        0.0375,
        0.0375,
        0.0375,
        0.0375,
        0.0375,
        0.0375,
        0.0375,
        0.0375,
        0.0375,
        0.0375
    ],
    "lr": [
        0.0001,
        0.0001,
        9.953429730181653e-05,
        9.949107209404664e-06,
        9.797464868072489e-06,
        9.548159976772593e-06,
        9.206267664155906e-06,
        8.778747871771293e-06,
        8.274303669726427e-06,
        7.703204087277989e-06,
        7.0770750650094335e-06,
        6.408662784207149e-06,
        5.711574191366427e-06,
        5e-06,
        4.2884258086335755e-06,
        3.5913372157928515e-06,
        2.9229249349905686e-06,
        2.296795912722014e-06,
        1.7256963302735752e-06,
        1.2212521282287093e-06,
        7.937323358440935e-07,
        4.5184002322740784e-07,
        2.0253513192751374e-07,
        5.089279059533658e-08,
        0.0
    ]
}