{
    "train_loss": [
        1.1807909965515138,
        1.1507651329040527,
        1.1391758918762207,
        1.1362306833267213,
        1.1264283657073975,
        1.162587320804596,
        1.118516755104065,
        1.1192439317703247,
        1.1113354682922363,
        1.0989609003067016,
        1.093593668937683,
        1.111963152885437,
        1.1214198231697083,
        1.0997580885887146,
        1.1012049078941346,
        1.0990759015083313,
        1.1098721146583557,
        1.142385971546173,
        1.0994002938270568,
        1.0766497731208802
    ],
    "val_loss": [
        1.196074644724528,
        1.321168581644694,
        1.2404454549153645,
        1.2160428365071614,
        1.4416184027989705,
        1.2695263226826985,
        1.3037015597025554,
        1.3257846434911091,
        1.2549895842870076,
        1.2852517366409302,
        1.3028721809387207,
        1.361474911371867,
        1.3638123671213787,
        1.3169208367665608,
        1.3672894636789958,
        1.3931676944096882,
        1.3234483003616333,
        1.505691647529602,
        1.364836613337199,
        1.4618819952011108
    ],
    "train_acc": [
        0.2994318187236786,
        0.3522727280855179,
        0.3204545468091965,
        0.3366477280855179,
        0.3099431812763214,
        0.3275568187236786,
        0.3428977280855179,
        0.3394886374473572,
        0.34090909361839294,
        0.346875,
        0.3551136374473572,
        0.34602272808551787,
        0.34801136404275895,
        0.403125,
        0.37982954680919645,
        0.34886363744735716,
        0.37528409361839293,
        0.3474431812763214,
        0.3474431812763214,
        0.38409091234207154
    ],
    "val_acc": [
        0.27483974893887836,
        0.19230769326289496,
        0.23397435992956161,
        0.15625,
        0.24439102659622827,
        0.20272435992956161,
        0.17147435992956161,
        0.19230769326289496,
        0.11939102659622829,
        0.1658653865257899,
        0.09375,
        0.125,
        0.15064102659622827,
        0.08814102659622829,
        0.07291666666666667,
        0.12980769326289496,
        0.1394230822722117,
        0.15064102659622827,
        0.08814102659622829,
        0.10897435992956161
    ]
}